Name,Total_Count,Dominant_Gender,Origin_Region
James,5129096,M,Anglo
John,5106590,M,Anglo
Robert,4816785,M,Anglo
Michael,4330805,M,Anglo
Mary,4130441,F,Anglo
William,4071368,M,Anglo
David,3590557,M,Anglo
Joseph,2580687,M,Anglo
Richard,2564867,M,Anglo
Charles,2376700,M,Anglo
Thomas,2291517,M,Anglo
Christopher,2004177,M,Anglo
Daniel,1876880,M,Anglo
Elizabeth,1606282,F,Anglo
Patricia,1575529,F,Anglo
Matthew,1558671,M,Anglo
Jennifer,1467573,F,Anglo
George,1464430,M,Anglo
Linda,1454599,F,Anglo
Barbara,1437083,F,Anglo
Donald,1414511,M,Anglo
Anthony,1410142,M,Irish_Italian
Paul,1386884,M,Anglo
Mark,1348242,M,Anglo
Edward,1286568,M,Anglo
Steven,1277582,M,Anglo
Kenneth,1272151,M,Anglo
Andrew,1260738,M,Anglo
Margaret,1243750,F,Anglo
Joshua,1179654,M,Anglo
Brian,1162528,M,Irish_Italian
Kevin,1158447,M,Irish_Italian
Susan,1123009,F,Anglo
Dorothy,1109362,F,Anglo
Ronald,1079633,M,Anglo
Timothy,1064929,M,Anglo
Sarah,1063944,F,Anglo
Jessica,1044144,F,Anglo
Jason,1019582,M,Anglo
Helen,1019006,F,Anglo
Nancy,1003902,F,Anglo
Betty,1002470,F,Anglo
Karen,986566,F,Anglo
Jeffrey,973729,M,Anglo
Lisa,966712,F,Anglo
Ryan,921081,M,Irish_Italian
Frank,912028,M,Anglo
Gary,901800,M,Anglo
Nicholas,881014,M,Anglo
Jacob,877522,M,Anglo
Anna,876488,F,Anglo
Sandra,875152,F,Anglo
Eric,870230,M,Anglo
Stephen,855396,M,Anglo
Ashley,850258,F,Anglo
Donna,832504,F,Anglo
Kimberly,832360,F,Anglo
Carol,824433,F,Anglo
Ruth,822845,F,Anglo
Jonathan,816025,M,Anglo
Emily,810470,F,Anglo
Michelle,807746,F,Anglo
Larry,807412,M,Anglo
Laura,794233,F,Anglo
Amanda,783945,F,Anglo
Scott,771804,M,Anglo
Raymond,771354,M,Anglo
Justin,766318,M,Anglo
Melissa,751940,F,Anglo
Brandon,744959,M,Anglo
Rebecca,744166,F,Anglo
Deborah,740931,F,Anglo
Stephanie,737798,F,Anglo
Sharon,723640,F,Anglo
Samuel,720632,M,Anglo
Kathleen,712282,F,Irish_Italian
Cynthia,709085,F,Anglo
Gregory,706823,M,Anglo
Benjamin,694911,M,Anglo
Shirley,694206,F,Anglo
Amy,686439,F,Anglo
Patrick,668002,M,Irish_Italian
Jack,662254,M,Anglo
Angela,661381,F,Irish_Italian
Catherine,655560,F,Anglo
Henry,652388,M,Anglo
Virginia,648542,F,Anglo
Jerry,627684,M,Anglo
Katherine,627197,F,Anglo
Alexander,624747,M,Anglo
Walter,620664,M,Anglo
Dennis,618268,M,Anglo
Brenda,607934,F,Anglo
Emma,595546,F,Anglo
Pamela,595047,F,Anglo
Willie,593888,M,Anglo
Frances,592216,F,Anglo
Tyler,586491,M,Anglo
Christine,585454,F,Anglo
Nicole,581900,F,Anglo
Peter,571171,M,Anglo
Rachel,559201,F,Anglo
Douglas,558092,M,Anglo
Aaron,557843,M,Anglo
Samantha,557127,F,Anglo
Janet,556932,F,Anglo
Carolyn,555370,F,Anglo
Debra,551325,F,Anglo
Harold,551319,M,Anglo
Alice,551034,F,Anglo
Kelly,550441,F,Irish_Italian
Jose,549587,M,Latin
Martha,549157,F,Anglo
Maria,538815,F,Latin
Marie,536748,F,Anglo
Adam,536164,M,Anglo
Evelyn,534502,F,Anglo
Arthur,526332,M,Anglo
Heather,525199,F,Anglo
Nathan,520141,M,Anglo
Zachary,519870,M,Anglo
Diane,519070,F,Anglo
Terry,518241,M,Anglo
Joyce,508976,F,Anglo
Julie,507398,F,Anglo
Carl,504555,M,Anglo
Albert,488016,M,Anglo
Joan,485181,F,Anglo
Jean,480901,F,Anglo
Kyle,479950,M,Anglo
Jordan,479434,M,Anglo
Rose,477271,F,Anglo
Christina,475075,F,Anglo
Grace,469034,F,Anglo
Ann,468874,F,Anglo
Victoria,465493,F,Latin
Lauren,465209,F,Anglo
Doris,464738,F,Anglo
Joe,460785,M,Anglo
Lawrence,457099,M,Anglo
Judith,452444,F,Anglo
Mildred,451926,F,Anglo
Kathryn,449667,F,Anglo
Gerald,448685,M,Anglo
Julia,447836,F,Anglo
Cheryl,439974,F,Anglo
Roger,439559,M,Anglo
Megan,435368,F,Anglo
Keith,434753,M,Anglo
Jeremy,429967,M,Anglo
Andrea,429394,F,Latin
Harry,421815,M,Anglo
Jesse,421406,M,Anglo
Lillian,421392,F,Anglo
Jacqueline,418727,F,Anglo
Sara,418257,F,Anglo
Taylor,416096,F,Anglo
Sean,414370,M,Irish_Italian
Ralph,413645,M,Anglo
Teresa,413199,F,Latin
Gloria,411282,F,Latin
Christian,411017,M,Anglo
Hannah,409938,F,Anglo
Janice,406224,F,Anglo
Roy,405337,M,Anglo
Theresa,403878,F,Anglo
Austin,395484,M,Anglo
Louis,393972,M,Anglo
Alexis,388463,F,Anglo
Billy,386873,M,Anglo
Judy,382568,F,Anglo
Bruce,381426,M,Anglo
Beverly,381053,F,Anglo
Eugene,380278,M,Anglo
Olivia,377034,F,Anglo
Leslie,376587,F,Anglo
Bryan,374790,M,Anglo
Denise,372626,F,Anglo
Ethan,372301,M,Anglo
Marilyn,369380,F,Anglo
Amber,368205,F,Anglo
Jane,368121,F,Anglo
Danielle,365169,F,Anglo
Brittany,357551,F,Anglo
Diana,355198,F,Latin
Madison,353947,F,Anglo
Wayne,352633,M,Anglo
Russell,352201,M,Anglo
Irene,351594,F,Anglo
Jamie,350262,F,Anglo
Annie,348017,F,Anglo
Shannon,345939,F,Irish_Italian
Howard,345916,M,Anglo
Fred,344563,M,Anglo
Lori,341246,F,Anglo
Dylan,341057,M,Anglo
Alan,340148,M,Anglo
Ruby,340143,F,Anglo
Philip,337851,M,Anglo
Juan,337628,M,Latin
Florence,335885,F,Anglo
Tiffany,335556,F,Anglo
Lois,334217,F,Anglo
Louise,333948,F,Anglo
Kathy,333866,F,Anglo
Tammy,332958,F,Anglo
Robin,332662,F,Anglo
Shawn,332036,M,Anglo
Randy,330920,M,Anglo
Natalie,329770,F,Anglo
Kayla,329680,F,Anglo
Crystal,329477,F,Anglo
Vincent,327753,M,Anglo
Bonnie,326970,F,Anglo
Phyllis,323161,F,Anglo
Abigail,322051,F,Anglo
Bobby,321844,M,Anglo
Anne,320300,F,Anglo
Noah,319298,M,Anglo
Erin,318888,F,Irish_Italian
Gabriel,313721,M,Anglo
Francis,312147,M,Anglo
Johnny,312033,M,Anglo
Charlotte,312022,F,Anglo
Tracy,311482,F,Anglo
Victor,309757,M,Anglo
Phillip,306419,M,Anglo
Logan,303797,M,Anglo
Clarence,303769,M,Anglo
Martin,303714,M,Anglo
Ernest,302004,M,Anglo
Angel,301425,M,Latin
Travis,299485,M,Anglo
Bradley,299392,M,Anglo
Stanley,299145,M,Anglo
Craig,298912,M,Anglo
Dale,298378,M,Anglo
Josephine,297064,F,Anglo
Alyssa,296741,F,Anglo
Edna,294989,F,Anglo
Peggy,293311,F,Anglo
Tina,291899,F,Anglo
Lee,291691,M,Asian
Leonard,291083,M,Anglo
Earl,290364,M,Anglo
Dawn,289628,F,Anglo
Sophia,287751,F,Anglo
Jimmy,286717,M,Anglo
Allison,284603,F,Anglo
Cody,283314,M,Anglo
Rita,283172,F,Anglo
Danny,282227,M,Anglo
Todd,281900,M,Anglo
Wanda,281893,F,Anglo
Ethel,280116,F,Anglo
Courtney,278591,F,Anglo
Norma,278376,F,Anglo
Cameron,278335,M,Anglo
Carlos,278221,M,Latin
Paula,277892,F,Anglo
Isabella,275236,F,Latin
Jessie,274931,F,Anglo
Ella,273663,F,Anglo
Connie,273055,F,Anglo
Ellen,272422,F,Anglo
Marjorie,271893,F,Anglo
Alex,269541,M,Anglo
Clara,268980,F,Anglo
Eleanor,268153,F,Anglo
Gladys,267020,F,Anglo
Carrie,266508,F,Anglo
Allen,266094,M,Anglo
Edith,264833,F,Anglo
Audrey,263873,F,Anglo
Luis,260819,M,Latin
Wendy,260766,F,Anglo
Frederick,260232,M,Anglo
Joel,260060,M,Anglo
Marion,259549,F,Anglo
Curtis,258765,M,Anglo
Elaine,256481,F,Anglo
Cindy,256257,F,Anglo
Nathaniel,253742,M,Anglo
Caleb,253220,M,Anglo
Norman,252867,M,Anglo
Valerie,252619,F,Anglo
Eva,252465,F,Anglo
Esther,250668,F,Anglo
Marvin,250552,M,Anglo
Evan,249753,M,Anglo
Tony,249680,M,Anglo
Glenn,249210,M,Anglo
Vanessa,248564,F,Anglo
Monica,247274,F,Anglo
Morgan,246320,F,Anglo
Isaac,246315,M,Anglo
Rodney,245449,M,Anglo
Hazel,244069,F,Anglo
Dana,243517,F,Anglo
Melvin,243449,M,Anglo
Alfred,242145,M,Anglo
Brianna,241577,F,Anglo
Elijah,241239,M,Anglo
Steve,240473,M,Anglo
Chad,239849,M,Anglo
Antonio,239612,M,Latin
Sheila,238205,F,Anglo
Edwin,238135,M,Anglo
Sylvia,238071,F,Anglo
Jasmine,237642,F,Anglo
April,236374,F,Anglo
Melanie,234149,F,Anglo
Katie,233801,F,Anglo
Lynn,233758,F,Anglo
Luke,232494,M,Anglo
Sherry,230447,F,Anglo
Erica,229859,F,Anglo
Jeffery,229346,M,Anglo
Herbert,228615,M,Anglo
Mason,227887,M,Anglo
Adrian,226908,M,Anglo
Pauline,226489,F,Anglo
Thelma,226278,F,Anglo
Michele,225522,F,Anglo
Derek,225160,M,Anglo
Eddie,223873,M,Anglo
Alexandra,223746,F,Anglo
Marcus,223605,M,Anglo
Alicia,222834,F,Latin
Theodore,222389,M,Anglo
Ricky,220995,M,Anglo
Lucille,220572,F,Anglo
Jesus,219292,M,Latin
Suzanne,219090,F,Anglo
Kristen,218877,F,Anglo
Hunter,216896,M,Anglo
Veronica,215623,F,Anglo
Kim,214158,F,Asian
Anita,213995,F,Anglo
Dolores,212164,F,Latin
Caroline,211595,F,Anglo
Joanne,211473,F,Anglo
Geraldine,210735,F,Anglo
Gail,210495,F,Anglo
Troy,210002,M,Anglo
Lorraine,209035,F,Anglo
Rhonda,208460,F,Anglo
Bertha,208444,F,Anglo
Jill,208303,F,Anglo
Juanita,207819,F,Anglo
Ian,207452,M,Anglo
Ray,206420,M,Anglo
Leah,205531,F,Anglo
Dustin,204529,M,Anglo
Mike,204410,M,Anglo
Wesley,204382,M,Anglo
Darlene,204162,F,Anglo
Sally,203643,F,Anglo
Ava,202253,F,Anglo
Lucas,201968,M,Anglo
Holly,199496,F,Anglo
Bernard,199400,M,Anglo
Leroy,199310,M,Anglo
Vivian,198012,F,Anglo
Randall,197826,M,Anglo
Jared,197429,M,Anglo
Jackson,195384,M,Anglo
Calvin,193383,M,Anglo
Oscar,193271,M,Latin
June,191604,F,Anglo
Beatrice,189624,F,Anglo
Jayden,189220,M,Anglo
Jay,188756,M,Anglo
Clifford,188666,M,Anglo
Debbie,188008,F,Anglo
Shane,187942,M,Anglo
Corey,187765,M,Anglo
Ronnie,187741,M,Anglo
Ida,186360,F,Anglo
Isaiah,185656,M,Anglo
Connor,185318,M,Irish_Italian
Eileen,185220,F,Anglo
Brooke,185177,F,Anglo
Lucy,185064,F,Anglo
Bernice,184961,F,Anglo
Renee,184783,F,Anglo
Stacy,184231,F,Anglo
Leo,184128,M,Anglo
Casey,183655,M,Anglo
Julian,181363,M,Anglo
Chloe,181216,F,Anglo
Charlie,180617,M,Anglo
Barry,180519,M,Anglo
Jo,180464,F,Anglo
Manuel,180393,M,Latin
Kristin,180341,F,Anglo
Tommy,177554,M,Anglo
Gertrude,177329,F,Anglo
Regina,176167,F,Anglo
Elsie,175408,F,Anglo
Madeline,175171,F,Anglo
Loretta,174643,F,Anglo
Warren,174138,M,Anglo
Mia,173788,F,Anglo
Tara,173544,F,Anglo
Rosa,173390,F,Latin
Jeremiah,171699,M,Anglo
Roberta,171669,F,Anglo
Dean,170779,M,Anglo
Bessie,170733,F,Anglo
Sydney,170297,F,Anglo
Cathy,170287,F,Anglo
Claire,169800,F,Anglo
Riley,169099,M,Anglo
Blake,168950,M,Anglo
Jackie,168485,F,Anglo
Miguel,168133,M,Latin
Laurie,167855,F,Anglo
Annette,167770,F,Anglo
Don,167699,M,Anglo
Jon,166132,M,Anglo
Cassandra,165953,F,Anglo
Chris,165415,M,Anglo
Jeanne,163181,F,Anglo
Jeanette,163145,F,Anglo
Devin,162944,M,Anglo
Leon,162442,M,Anglo
Lindsey,162301,F,Anglo
Colleen,162165,F,Irish_Italian
Mitchell,161314,M,Anglo
Bill,160871,M,Anglo
Lloyd,160800,M,Anglo
Stacey,160767,F,Anglo
Jerome,159910,M,Anglo
Alma,159764,F,Anglo
Brett,159644,M,Anglo
Aiden,159629,M,Anglo
Minnie,159352,F,Anglo
Beth,159291,F,Anglo
Darrell,159118,M,Anglo
Kaitlyn,158833,F,Anglo
Pearl,158506,F,Anglo
Alvin,158190,M,Anglo
Agnes,157593,F,Anglo
Molly,157559,F,Anglo
Shelby,157495,F,Anglo
Gavin,157451,M,Anglo
Seth,157359,M,Anglo
Chelsea,156837,F,Anglo
Joann,156670,F,Anglo
Yvonne,155586,F,Anglo
Stella,155080,F,Anglo
Lillie,154998,F,Anglo
Floyd,154811,M,Anglo
Micheal,154470,M,Anglo
Rosemary,154219,F,Anglo
Lydia,153589,F,Anglo
Trevor,153545,M,Anglo
Jim,153520,M,Anglo
Vicki,153456,F,Anglo
Haley,152894,F,Anglo
Gordon,152885,M,Anglo
Gina,152208,F,Irish_Italian
Carmen,150900,F,Latin
Lewis,149995,M,Anglo
Johnnie,149953,M,Anglo
Erik,149531,M,Anglo
Nellie,149321,F,Anglo
Owen,149039,M,Anglo
Savannah,148878,F,Anglo
Kelsey,148799,F,Anglo
Edgar,148726,M,Anglo
Chase,148053,M,Anglo
Carla,147830,F,Irish_Italian
Georgia,147467,F,Anglo
Dominic,147330,M,Anglo
Amelia,147074,F,Anglo
Vernon,147069,M,Anglo
Terri,146649,F,Anglo
Naomi,145586,F,Anglo
Hailey,145227,F,Anglo
Clyde,145134,M,Anglo
Sue,144943,F,Anglo
Maureen,144194,F,Irish_Italian
Arlene,141917,F,Anglo
Jenna,141692,F,Anglo
Mario,141494,M,Latin
Marian,141034,F,Anglo
Destiny,140690,F,Anglo
Derrick,140553,M,Anglo
Wilma,140392,F,Anglo
Heidi,140053,F,Anglo
Tom,139607,M,Anglo
Constance,138957,F,Anglo
Max,138666,M,Anglo
Brent,138584,M,Anglo
Marc,138455,M,Anglo
Avery,138423,F,Anglo
Liam,137414,M,Irish_Italian
Myrtle,136933,F,Anglo
Herman,136030,M,Anglo
Vera,135951,F,Anglo
Ricardo,135718,M,Latin
Maurice,135468,M,Anglo
Daisy,135454,F,Anglo
Melinda,134921,F,Anglo
Kristina,134790,F,Anglo
Jimmie,134591,M,Anglo
Joy,134210,F,Anglo
Lena,134010,F,Anglo
Franklin,133975,M,Anglo
Sabrina,133823,F,Anglo
Lindsay,133666,F,Anglo
Paige,133312,F,Anglo
Deanna,133310,F,Anglo
Marcia,133161,F,Anglo
Gene,132974,M,Anglo
Mabel,132785,F,Anglo
Charlene,132768,F,Anglo
Billie,132585,F,Anglo
Landon,131092,M,Anglo
Mattie,131001,F,Anglo
Cory,130974,M,Anglo
Viola,130959,F,Anglo
Lester,130842,M,Anglo
Tamara,130278,F,Anglo
Elmer,129482,M,Anglo
Francisco,129424,M,Latin
Gabrielle,129389,F,Anglo
Marlene,129012,F,Anglo
Gilbert,128869,M,Anglo
Nora,128476,F,Anglo
Katelyn,127970,F,Anglo
Patsy,126958,F,Anglo
Jennie,126902,F,Anglo
Garrett,126640,M,Anglo
Glen,126198,M,Anglo
Claudia,125935,F,Anglo
Clayton,125856,M,Anglo
Alejandro,125644,M,Latin
Jorge,125142,M,Latin
Faith,124839,F,Anglo
Sam,123666,M,Anglo
Lily,123314,F,Anglo
Erika,123080,F,Anglo
Violet,122984,F,Anglo
Nina,122956,F,Anglo
Cole,122581,M,Anglo
Cora,122036,F,Anglo
Ivan,121673,M,Anglo
Carter,121609,M,Anglo
Mackenzie,121482,F,Anglo
Chester,121217,M,Anglo
Tonya,120664,F,Anglo
Jeff,119948,M,Anglo
Andre,119723,M,Anglo
Wyatt,118665,M,Anglo
Harvey,118556,M,Anglo
Colin,118459,M,Anglo
Delores,118023,F,Anglo
Marissa,117916,F,Anglo
Xavier,117238,M,Anglo
Priscilla,117153,F,Anglo
Milton,116925,M,Anglo
Jake,116849,M,Anglo
Tanya,116515,F,Anglo
Aubrey,116026,F,Anglo
Grant,115667,M,Anglo
Gwendolyn,115665,F,Anglo
Duane,115518,M,Anglo
Oliver,115502,M,Anglo
Levi,115376,M,Anglo
Jaime,115177,M,Anglo
Spencer,114996,M,Anglo
Sebastian,114470,M,Anglo
Cecil,113421,M,Anglo
Kaylee,112844,F,Anglo
Yolanda,112572,F,Anglo
Isabel,112530,F,Latin
Angelina,112228,F,Anglo
Maxine,111404,F,Anglo
Carole,110864,F,Anglo
Maggie,110740,F,Anglo
Caitlin,110696,F,Anglo
Vickie,110342,F,Anglo
Dakota,110053,M,Anglo
Reginald,109836,M,Anglo
Addison,109778,F,Anglo
Hayden,109618,M,Anglo
Ruben,109408,M,Latin
Sadie,109287,F,Anglo
Mae,109276,F,Anglo
Glenda,109243,F,Anglo
Bailey,109152,F,Anglo
Alison,109130,F,Anglo
Autumn,108747,F,Anglo
Alexa,108259,F,Anglo
Brandy,108119,F,Anglo
Miranda,107269,F,Anglo
Leona,107124,F,Anglo
Bryce,106575,M,Anglo
Bobbie,106364,F,Anglo
Margie,106188,F,Anglo
Dan,106053,M,Anglo
Roberto,105974,M,Latin
Genevieve,105722,F,Anglo
Dora,105496,F,Anglo
Sidney,105185,M,Anglo
Zoe,105172,F,Anglo
Preston,104987,M,Anglo
Miriam,104901,F,Anglo
Aidan,104685,M,Irish_Italian
Marsha,104242,F,Anglo
Tristan,104156,M,Anglo
Arnold,103197,M,Anglo
Peyton,102604,F,Anglo
Sophie,102436,F,Anglo
Lance,102285,M,Anglo
Kay,101927,F,Anglo
Brandi,101600,F,Anglo
Mariah,101591,F,Anglo
Neil,101253,M,Anglo
Darren,100628,M,Anglo
Gabriella,100362,F,Anglo
Karl,100306,M,Anglo
Toni,100280,F,Anglo
Whitney,100249,F,Anglo
Lonnie,100204,M,Anglo
Katrina,100086,F,Anglo
Christy,99879,F,Anglo
Colton,99410,M,Anglo
Joanna,99402,F,Anglo
Sofia,99233,F,Latin
Eduardo,98947,M,Latin
Hector,98618,M,Latin
Jocelyn,98072,F,Anglo
Kerry,97869,M,Anglo
Hattie,97702,F,Anglo
Brayden,97445,M,Anglo
Kylie,97330,F,Anglo
Kara,97093,F,Anglo
Penny,96744,F,Anglo
Clinton,96481,M,Anglo
Ana,96419,F,Latin
Parker,96308,M,Anglo
Roland,95944,M,Anglo
Makayla,95249,F,Anglo
Dianne,95230,F,Anglo
Bethany,95216,F,Anglo
Tracey,94915,F,Anglo
Eli,94839,M,Anglo
Diego,94427,M,Latin
Natasha,94417,F,Anglo
Carson,94131,M,Anglo
Meghan,94055,F,Anglo
Sierra,93918,F,Anglo
Allan,93417,M,Anglo
Everett,93400,M,Anglo
Alexandria,93397,F,Anglo
Marguerite,93258,F,Anglo
Bob,93183,M,Anglo
Kendra,92392,F,Anglo
Fernando,92194,M,Latin
Darryl,92053,M,Anglo
Ada,91806,F,Anglo
Claude,91800,M,Anglo
Javier,91764,M,Latin
Felicia,90909,F,Anglo
Briana,90822,F,Anglo
Jenny,90551,F,Anglo
Omar,90401,M,African_MiddleEastern
Johnathan,89867,M,Anglo
Cecilia,89756,F,Anglo
Guy,89615,M,Anglo
Micah,89476,M,Anglo
Marshall,88487,M,Anglo
Devon,88435,M,Anglo
Guadalupe,88069,F,Latin
Harriet,87988,F,Anglo
Tanner,87972,M,Anglo
Melody,87969,F,Anglo
Bridget,87915,F,Irish_Italian
Angelica,87623,F,Latin
Blanche,87563,F,Anglo
Brendan,87501,M,Irish_Italian
Geneva,87334,F,Anglo
Velma,87029,F,Anglo
Karla,86841,F,Anglo
Jody,86687,F,Anglo
Becky,86576,F,Anglo
Andy,86338,M,Anglo
Shelly,86278,F,Anglo
Pedro,85918,M,Latin
Kendall,85753,F,Anglo
Kurt,85105,M,Anglo
Fannie,85079,F,Anglo
Susie,84927,F,Anglo
Misty,84487,F,Anglo
Lula,84353,F,Anglo
Candace,84341,F,Anglo
Hope,83993,F,Anglo
Jacquelyn,83898,F,Anglo
Kristine,83861,F,Anglo
Sherri,83711,F,Anglo
Adriana,83593,F,Latin
Brady,83391,M,Anglo
Lola,83122,F,Anglo
Tim,83035,M,Anglo
Ariana,82954,F,Anglo
Brad,82864,M,Anglo
Freddie,82586,M,Anglo
Raul,82568,M,Latin
Ben,82144,M,Anglo
Brittney,81803,F,Anglo
Rachael,81683,F,Anglo
Abraham,81459,M,Anglo
Rick,81386,M,Anglo
Wallace,81305,M,Anglo
Brooklyn,81153,F,Anglo
Desiree,81063,F,Anglo
Isabelle,80906,F,Anglo
Hugh,80807,M,Anglo
Hilda,80658,F,Anglo
Ross,80622,M,Anglo
Jaden,80261,M,Anglo
Eunice,80237,F,Anglo
Jodi,80120,F,Anglo
Maxwell,80087,M,Anglo
Breanna,80063,F,Anglo
Josiah,80030,M,Anglo
Nicolas,79588,M,Anglo
Jillian,79468,F,Anglo
Maya,79459,F,Anglo
Byron,78925,M,Anglo
Sheryl,78802,F,Anglo
Rosie,78775,F,Anglo
Sandy,78599,F,Anglo
Monique,78494,F,Anglo
Tyrone,78310,M,African_MiddleEastern
Antoinette,78073,F,Anglo
Drew,78071,M,Anglo
Dwight,78058,M,Anglo
Willard,78023,M,Anglo
Jade,78017,F,Anglo
Mamie,77946,F,Anglo
Dalton,77775,M,Anglo
Lynda,77774,F,Anglo
Greg,77597,M,Anglo
Nolan,77525,M,Anglo
Ariel,77402,F,Anglo
Andres,77290,M,Anglo
Perry,77062,M,Anglo
Ashton,77008,M,Anglo
Arianna,76483,F,Anglo
Kristi,76430,F,Anglo
Jan,76089,F,Anglo
Nelson,76010,M,Anglo
Kate,75856,F,Anglo
Meredith,75724,F,Anglo
Dwayne,75122,M,Anglo
Iris,75054,F,Anglo
Madelyn,74957,F,Anglo
Angelo,74918,M,Irish_Italian
Ted,74910,M,Anglo
Gabriela,74906,F,Latin
Kelli,74866,F,Anglo
Julius,74509,M,Anglo
Janie,74307,F,Anglo
Shelley,74197,F,Anglo
Ramon,74170,M,Latin
Rafael,74129,M,Latin
Krystal,73729,F,Anglo
Mathew,73487,M,Anglo
Irma,73314,F,Anglo
Beulah,73261,F,Anglo
Krista,73117,F,Anglo
Damian,73107,M,Anglo
Collin,72619,M,Anglo
Sergio,72463,M,Latin
Virgil,72375,M,Anglo
Frankie,72249,M,Anglo
Trinity,71947,F,Anglo
Summer,71850,F,Anglo
Shaun,71591,M,Anglo
Rebekah,71546,F,Anglo
Belinda,71480,F,Anglo
Dominique,71327,F,Anglo
Terrence,70883,M,Anglo
Alberta,70658,F,Anglo
Armando,70432,M,Anglo
Morris,70397,M,Anglo
Kristy,70288,F,Anglo
Rene,70014,M,Anglo
Aaliyah,69917,F,African_MiddleEastern
Bianca,69606,F,Irish_Italian
Clifton,69590,M,Anglo
Verna,69204,F,Anglo
Jeannette,69008,F,Anglo
Opal,68994,F,Anglo
Stuart,68547,M,Anglo
Terrance,68351,M,Anglo
Cesar,68240,M,Latin
Inez,68129,F,Anglo
Kent,68076,M,Anglo
Kaleb,68059,M,Anglo
Payton,67958,F,Anglo
Gracie,67865,F,Anglo
Faye,67568,F,Anglo
Cooper,67527,M,Anglo
Kirk,67518,M,Anglo
Flora,67495,F,Anglo
Ramona,67472,F,Anglo
Rosalie,67466,F,Anglo
Candice,67453,F,Anglo
Cheyenne,67123,F,Anglo
Miles,67069,M,Anglo
Dallas,67028,M,Anglo
Donnie,66992,M,Anglo
Della,66927,F,Anglo
Marco,66891,M,Latin
Pat,66853,F,Anglo
Erick,66659,M,Anglo
Wade,66647,M,Anglo
Daryl,66294,M,Anglo
Gayle,66239,F,Anglo
Luther,66143,M,Anglo
Adrienne,66122,F,Anglo
Emmanuel,65746,M,Anglo
Nevaeh,65093,F,Anglo
Sonya,64664,F,Anglo
Sonia,64619,F,Anglo
Felix,64588,M,Anglo
Marianne,64529,F,Anglo
Elena,64106,F,Latin
Jonathon,64038,M,Anglo
Dave,63761,M,Anglo
Harrison,63508,M,Anglo
Fredrick,63410,M,Anglo
Marcella,63291,F,Anglo
Camille,63229,F,Anglo
Skylar,63222,F,Anglo
Nichole,63160,F,Anglo
Yvette,62875,F,Anglo
Patty,62657,F,Anglo
Lynne,62299,F,Anglo
Robyn,62194,F,Anglo
Elias,62119,M,Anglo
Layla,61980,F,African_MiddleEastern
Bennie,61831,M,Anglo
Maryann,61822,F,Anglo
Rickey,61669,M,Anglo
Jada,61496,F,Anglo
Olga,61451,F,Anglo
Damon,61445,M,Anglo
Angie,60985,F,Anglo
Homer,60948,M,Anglo
Dillon,60909,M,Anglo
Carly,60857,F,Anglo
Sheri,60490,F,Anglo
Lila,60481,F,Anglo
Kristopher,60415,M,Anglo
Kennedy,60205,F,Anglo
Dominick,59472,M,Anglo
Malcolm,59031,M,Anglo
Valeria,59029,F,Anglo
Elise,58991,F,Anglo
Kari,58955,F,Anglo
Cristian,58936,M,Anglo
Earnest,58807,M,Anglo
Alberto,58749,M,Anglo
Lorenzo,58355,M,Anglo
Julio,58248,M,Latin
Myra,58098,F,Anglo
Ira,58023,M,Anglo
Zoey,57881,F,Anglo
Otis,57865,M,Anglo
Lyle,57831,M,Anglo
Giovanni,57819,M,Irish_Italian
Ayden,57795,M,Anglo
Loren,57668,M,Anglo
Roxanne,57513,F,Anglo
Gerard,57434,M,Anglo
Hubert,57394,M,Anglo
Tabitha,57106,F,Anglo
Noel,56935,M,Anglo
Wilbur,56844,M,Anglo
Brody,56800,M,Anglo
Kaitlin,56753,F,Anglo
Joey,56557,M,Anglo
Ollie,56482,F,Anglo
Rex,56396,M,Anglo
Karina,56322,F,Anglo
Harley,56231,M,Anglo
Skyler,56119,M,Anglo
Laverne,56035,F,Anglo
Israel,55680,M,Anglo
Abby,55582,F,Anglo
Dianna,55382,F,Anglo
Muriel,55348,F,Anglo
Jonah,55101,M,Anglo
Natalia,55031,F,Latin
Enrique,54950,M,Latin
Erma,54930,F,Anglo
Cassidy,54917,F,Anglo
Celeste,54822,F,Anglo
Salvatore,54662,M,Irish_Italian
Alisha,54496,F,Anglo
Cecelia,54337,F,Anglo
Simon,54204,M,Anglo
Horace,54119,M,Anglo
Gianna,54055,F,Irish_Italian
Neal,54046,M,Anglo
Geoffrey,53914,M,Anglo
Caden,53812,M,Anglo
Daniela,53658,F,Latin
Kaden,53612,M,Anglo
Wendell,53427,M,Anglo
Vicky,53410,F,Anglo
Mckenzie,53316,F,Anglo
Rudolph,53260,M,Anglo
Josie,53165,F,Anglo
Bernadette,53059,F,Anglo
Trenton,53029,M,Anglo
Celia,53018,F,Anglo
Alfredo,52991,M,Anglo
Gage,52976,M,Anglo
Mable,52940,F,Anglo
Gretchen,52896,F,Anglo
Mallory,52895,F,Anglo
Roman,52721,M,Anglo
Genesis,52702,F,Anglo
Aimee,52672,F,Anglo
Callie,52584,F,Anglo
Kirsten,52505,F,Anglo
Willis,52488,M,Anglo
Estelle,52335,F,Anglo
Traci,52293,F,Anglo
Colby,52245,M,Anglo
Donovan,52221,M,Anglo
Kelley,51978,F,Anglo
Arturo,51970,M,Anglo
Lora,51882,F,Anglo
Nadine,51757,F,Anglo
Damien,51735,M,Anglo
Janelle,51455,F,Anglo
Tommie,51315,M,Anglo
Archie,51062,M,Anglo
Olive,50962,F,Anglo
Leonardo,50821,M,Anglo
Alana,50785,F,Anglo
Kellie,50783,F,Anglo
Leland,50726,M,Anglo
Cristina,50638,F,Anglo
Caitlyn,50600,F,Anglo
Henrietta,50592,F,Anglo
Alec,50566,M,Anglo
Cara,50452,F,Anglo
Juliana,50326,F,Anglo
Kenny,50293,M,Anglo
Lacey,50289,F,Anglo
Edmund,50248,M,Anglo
Rosemarie,50129,F,Anglo
Mikayla,50052,F,Anglo
Sallie,49827,F,Anglo
Jordyn,49526,F,Anglo
Nettie,49333,F,Anglo
Gerardo,49313,M,Anglo
Johanna,49309,F,Anglo
Lilly,49252,F,Anglo
Randolph,49214,M,Anglo
Conner,49102,M,Anglo
Darius,49097,M,Anglo
Nick,49026,M,Anglo
Grayson,48974,M,Anglo
Janis,48822,F,Anglo
Kelvin,48776,M,Anglo
Trent,48734,M,Anglo
Annabelle,48669,F,Anglo
May,48527,F,Anglo
Carlton,48490,M,Anglo
Jaclyn,48475,F,Anglo
Allyson,48445,F,Anglo
Bryant,48441,M,Anglo
Lana,48403,F,Anglo
Alejandra,48104,F,Anglo
Marisa,48078,F,Anglo
Michaela,47997,F,Anglo
Rudy,47992,M,Anglo
Betsy,47976,F,Anglo
Jace,47898,M,Anglo
Shelia,47810,F,Anglo
Raquel,47765,F,Anglo
Forrest,47653,M,Anglo
Garry,47577,M,Anglo
Mya,47434,F,Anglo
Allie,47384,F,Anglo
Eula,47375,F,Anglo
Jaxon,47245,M,Anglo
Hayley,47134,F,Anglo
Benny,46996,M,Anglo
